{"productType":"realId","languageList":["en","af","sq","am","ar","ar-EG","ar-MA","hy","as","az","eu","bn","bs","bg","my","yue","ca","ce","chr","zh","zh-CN","zh-HK","hr","cs","da","nl","et","fi","fr","ka","de","el","gu","ha","haw","iw","hi","hu","is","ig","in","it","ja","kab","kn","kk","km","ko","ky","lo","lv","ln","lt","mk","mg","ms","mr","mn","ne","or","om","ps","fa","pl","pt","pa","qu","ro","ru","sr","sn","si","sk","so","es","sw","sv","ta","te","th","tr","uk","ur","ug","uz","vi","cy","yo","zu"],"selectedDocUI":["takePhoto","scanWithFrame"],"selectedFaceUI":["blink"],"selectedDocTypeList":["00000001003","00630000001","00630000002","00630000004","00630000005","00630000008","00630000016","00630000017","00630000020","00630000021","00630000022","00630000024","00630000026","00630000028","00630000031","00630000032","00630000033"]}