{"zface":{"view":"standard"},"zdoc":{"00000001003_1":{"name":"Passport（00000001003）","view":"passport_half_frame"},"00630000001_1":{"name":"UMID（00630000001）","view":"standard_frame"},"00630000002_1":{"name":"TIN ID（00630000002）","view":"standard_frame"},"00630000004_1":{"name":"Driver's License（00630000004）","view":"standard_frame"},"00630000005_1":{"name":"Alien/Immigrant CoR（00630000005） Front","view":"standard_frame"},"00630000005_2":{"name":"Alien/Immigrant CoR（00630000005） Back","view":"standard_frame"},"00630000008_1":{"name":"Gov't Office / GOCC ID（00630000008） Front","view":"empty_frame"},"00630000008_2":{"name":"Gov't Office / GOCC ID（00630000008） Back","view":"empty_frame"},"00630000016_1":{"name":"Postal ID（00630000016）","view":"standard_frame"},"00630000017_1":{"name":"PRC ID（00630000017）","view":"standard_frame"},"00630000020_1":{"name":"SSS ID（00630000020）","view":"standard_frame"},"00630000021_1":{"name":"Student's ID（00630000021） Front","view":"empty_frame"},"00630000021_2":{"name":"Student's ID（00630000021） Back","view":"empty_frame"},"00630000022_1":{"name":"Voter's ID（00630000022）","view":"standard_frame"},"00630000024_1":{"name":"Philhealth Card（00630000024）","view":"standard_frame"},"00630000026_1":{"name":"HDMF ID（00630000026）","view":"standard_frame"},"00630000028_1":{"name":"Philippines Passport（00630000028）","view":"passport_half_frame"},"00630000031_1":{"name":"passport-old version（00630000031） Front","view":"passport_half_frame"},"00630000031_2":{"name":"passport-old version（00630000031） Back","view":"passport_half_frame"},"00630000032_1":{"name":"passport-new version（00630000032） Front","view":"passport_half_frame"},"00630000032_2":{"name":"passport-new version（00630000032） Back","view":"passport_half_frame"},"00630000033_1":{"name":"Identification Card（00630000033） Front","view":"standard_frame"},"00630000033_2":{"name":"Identification Card（00630000033） Back","view":"standard_frame"}}}