{"title_back":"","system_error_title":"系统错误","system_error_msg":"系统错误，請稍後再試","system_error_got_it":"我知道了","network_error_title":"網絡異常","network_error_msg":"請檢查網絡，稍後再試","network_error_retry":"再試一次","network_error_exit":"退出","zdoc_title":"證件驗證","zdoc_submit":"確認清晰","zdoc_retry":"重新拍摄","zdoc_processing":"正在處理...","zdoc_success":"正在處理...","zdoc_user_cancel_title":"確定退出嗎？","zdoc_user_cancel_msg":"保證證件清晰無反光，更容易成功","zdoc_user_cancel_stay":"再試一次","zdoc_user_cancel_quit":"退出","zdoc_camera_permission_title":"無法啟動相機","zdoc_camera_permission_msg":"請開啟相機權限，或返回重試","zdoc_camera_permission_not_allow":"退出","zdoc_camera_permission_settings":"開啟權限","zdoc_retry_max_title":"操作失敗","zdoc_retry_max_msg":"嘗試次數過多，請稍後再試","zdoc_retry_max_got_it":"我知道了","zdoc_expired_document_title":"證件已過期","zdoc_expired_document_msg":"確保證件類型符合要求，在有效期之內","zdoc_noface_title":"證件不完整","zdoc_noface_msg":"請確保證件清晰無反光","zdoc_exposure_title":"證件不完整","zdoc_exposure_msg":"請確保證件清晰無反光","zdoc_blur_title":"證件不完整","zdoc_blur_msg":"請確保證件清晰無反光","zdoc_imperfect_title":"證件不完整","zdoc_imperfect_msg":"請確保證件清晰無反光","zdoc_wrong_document_title":"沒有檢測到證件","zdoc_wrong_document_msg":"沒有檢測到符合要求的證件","zdoc_unknow_title":"沒有檢測到證件","zdoc_unknow_msg":"沒有檢測到符合要求的證件","zdoc_no_document_title":"沒有檢測到證件","zdoc_no_document_msg":"沒有檢測到符合要求的證件","zdoc_dialog_close":"退出","zdoc_dialog_retry":"再試一次","zface_title":"掃描人臉","zface_no_face":"未檢測到合格人臉","zface_not_in_center":"未檢測到合格人臉","zface_bad_pitch":"未檢測到合格人臉","zface_bad_yaw":"未檢測到合格人臉","zface_bad_quality":"未檢測到合格人臉","zface_distance_too_far":"靠近一點","zface_distance_too_close":"離遠一點","zface_bad_brightness":"臉部亮一點","zface_bad_eye_openness":"請注視屏幕","zface_blink_openness":"眨眨眼","zface_stack_time":"請保持不動","zface_is_blur":"再清晰一點","zface_is_moving":"再清晰一點","zface_processing":"正在處理...","zface_user_cancel_title":"確定退出嗎？","zface_user_cancel_msg":"請對準手機操作，更容易成功","zface_user_cancel_stay":"再試一次","zface_user_cancel_quit":"退出","zface_camera_without_permission_title":"無法啟動相機","zface_camera_without_permission_msg":"請開啟相機權限，或返回重試","zface_camera_without_permission_go_settings":"開啟權限","zface_camera_without_permission_quit":"退出","zface_retry_max_title":"操作失敗","zface_retry_max_msg":"嘗試次數過多，請稍後再試","zface_retry_max_got_it":"我知道了","zface_scan_fail_title":"刷臉失敗","zface_scan_fail_msg":"請對準手機操作，更容易成功","zface_scan_fail_retry":"再試一次","zface_scan_fail_quit":"退出","zface_time_out_title":"操作超時","zface_time_out_msg":"請對準手機操作，更容易成功","zface_time_out_retry":"再試一次","zface_time_out_quit":"退出","zface_interrupt_title":"驗證中斷","zface_interrupt_msg":"請對準手機操作，更容易成功","zface_interrupt_retry":"再試一次","zface_interrupt_close":"退出","zface_device_unsupport_msg":"您的移動設備不支援刷臉認證","zface_device_unsupport_got_it":"我知道了","zface_camera_init_error_msg":"您的移動設備不支援刷臉認證","zface_camera_init_error_got_it":"我知道了","zdoc_camera_init_error_msg":"您的移動設備不支持證件採集","zdoc_camera_init_error_got_it":"我知道了","zdoc_scan_tips_detail":"請把證件對齊方框，四條邊都變成藍色後會自動採集","zdoc_msg_too_far":"請拿近一點","zdoc_msg_too_close":"請拿遠一點","zdoc_msg_integrity":"請拿遠一點","zdoc_msg_tilting":"請避免傾斜","zdoc_msg_shadow":"請避免陰影","zdoc_msg_occlusion":"請避免遮擋","zdoc_msg_reflection":"請避免反光","zdoc_msg_blur":"證件不清晰","zdoc_msg_stack_time":"請保持不動","zdoc_passport_half_frame_tips_00000001003_1":"拍攝護照正面","zdoc_capture_00000001003_1":"請把證件置於方框內，確保清晰無反光","zdoc_confirm_00000001003_1":"請檢查是否清晰、無反光、無遮擋","zdoc_tips_00000001003_1":"拍攝護照正面","zdoc_msg_no_card_00000001003_1":"請掃描證件的人像面","zdoc_msg_wrong_card_00000001003_1":"請掃描證件的人像面","zdoc_standard_frame_tips_00630000001_1":"拍攝證件正面","zdoc_capture_00630000001_1":"請把證件置於方框內，確保清晰無反光","zdoc_confirm_00630000001_1":"請檢查是否清晰、無反光、無遮擋","zdoc_tips_00630000001_1":"拍攝證件正面","zdoc_msg_no_card_00630000001_1":"請掃描證件的人像面","zdoc_msg_wrong_card_00630000001_1":"請掃描證件的人像面","zdoc_standard_frame_tips_00630000002_1":"拍攝證件正面","zdoc_capture_00630000002_1":"請把證件置於方框內，確保清晰無反光","zdoc_confirm_00630000002_1":"請檢查是否清晰、無反光、無遮擋","zdoc_tips_00630000002_1":"拍攝證件正面","zdoc_msg_no_card_00630000002_1":"請掃描證件的人像面","zdoc_msg_wrong_card_00630000002_1":"請掃描證件的人像面","zdoc_standard_frame_tips_00630000004_1":"拍攝證件正面","zdoc_capture_00630000004_1":"請把證件置於方框內，確保清晰無反光","zdoc_confirm_00630000004_1":"請檢查是否清晰、無反光、無遮擋","zdoc_tips_00630000004_1":"拍攝證件正面","zdoc_msg_no_card_00630000004_1":"請掃描證件的人像面","zdoc_msg_wrong_card_00630000004_1":"請掃描證件的人像面","zdoc_standard_frame_tips_00630000005_1":"拍攝證件正面","zdoc_capture_00630000005_1":"請把證件置於方框內，確保清晰無反光","zdoc_confirm_00630000005_1":"請檢查是否清晰、無反光、無遮擋","zdoc_tips_00630000005_1":"拍攝證件正面","zdoc_msg_no_card_00630000005_1":"請掃描證件的人像面","zdoc_msg_wrong_card_00630000005_1":"請掃描證件的人像面","zdoc_standard_frame_tips_00630000005_2":"拍攝證件反面","zdoc_capture_00630000005_2":"請把證件置於方框內，確保清晰無反光","zdoc_confirm_00630000005_2":"請檢查是否清晰、無反光、無遮擋","zdoc_tips_00630000005_2":"拍攝證件反面","zdoc_msg_no_card_00630000005_2":"請掃描證件的背面","zdoc_msg_wrong_card_00630000005_2":"請掃描證件的背面","zdoc_empty_frame_tips_00630000008_1":"拍攝證件正面","zdoc_capture_00630000008_1":"請把證件置於方框內，確保清晰無反光","zdoc_confirm_00630000008_1":"請檢查是否清晰、無反光、無遮擋","zdoc_tips_00630000008_1":"拍攝證件正面","zdoc_msg_no_card_00630000008_1":"請掃描證件的人像面","zdoc_msg_wrong_card_00630000008_1":"請掃描證件的人像面","zdoc_empty_frame_tips_00630000008_2":"拍攝證件反面","zdoc_capture_00630000008_2":"請把證件置於方框內，確保清晰無反光","zdoc_confirm_00630000008_2":"請檢查是否清晰、無反光、無遮擋","zdoc_tips_00630000008_2":"拍攝證件反面","zdoc_msg_no_card_00630000008_2":"請掃描證件的背面","zdoc_msg_wrong_card_00630000008_2":"請掃描證件的背面","zdoc_standard_frame_tips_00630000016_1":"拍攝證件正面","zdoc_capture_00630000016_1":"請把證件置於方框內，確保清晰無反光","zdoc_confirm_00630000016_1":"請檢查是否清晰、無反光、無遮擋","zdoc_tips_00630000016_1":"拍攝證件正面","zdoc_msg_no_card_00630000016_1":"請掃描證件的人像面","zdoc_msg_wrong_card_00630000016_1":"請掃描證件的人像面","zdoc_standard_frame_tips_00630000017_1":"拍攝證件正面","zdoc_capture_00630000017_1":"請把證件置於方框內，確保清晰無反光","zdoc_confirm_00630000017_1":"請檢查是否清晰、無反光、無遮擋","zdoc_tips_00630000017_1":"拍攝證件正面","zdoc_msg_no_card_00630000017_1":"請掃描證件的人像面","zdoc_msg_wrong_card_00630000017_1":"請掃描證件的人像面","zdoc_standard_frame_tips_00630000020_1":"拍攝證件正面","zdoc_capture_00630000020_1":"請把證件置於方框內，確保清晰無反光","zdoc_confirm_00630000020_1":"請檢查是否清晰、無反光、無遮擋","zdoc_tips_00630000020_1":"拍攝證件正面","zdoc_msg_no_card_00630000020_1":"請掃描證件的人像面","zdoc_msg_wrong_card_00630000020_1":"請掃描證件的人像面","zdoc_empty_frame_tips_00630000021_1":"拍攝證件正面","zdoc_capture_00630000021_1":"請把證件置於方框內，確保清晰無反光","zdoc_confirm_00630000021_1":"請檢查是否清晰、無反光、無遮擋","zdoc_tips_00630000021_1":"拍攝證件正面","zdoc_msg_no_card_00630000021_1":"請掃描證件的人像面","zdoc_msg_wrong_card_00630000021_1":"請掃描證件的人像面","zdoc_empty_frame_tips_00630000021_2":"拍攝證件反面","zdoc_capture_00630000021_2":"請把證件置於方框內，確保清晰無反光","zdoc_confirm_00630000021_2":"請檢查是否清晰、無反光、無遮擋","zdoc_tips_00630000021_2":"拍攝證件反面","zdoc_msg_no_card_00630000021_2":"請掃描證件的背面","zdoc_msg_wrong_card_00630000021_2":"請掃描證件的背面","zdoc_standard_frame_tips_00630000022_1":"拍攝證件正面","zdoc_capture_00630000022_1":"請把證件置於方框內，確保清晰無反光","zdoc_confirm_00630000022_1":"請檢查是否清晰、無反光、無遮擋","zdoc_tips_00630000022_1":"拍攝證件正面","zdoc_msg_no_card_00630000022_1":"請掃描證件的人像面","zdoc_msg_wrong_card_00630000022_1":"請掃描證件的人像面","zdoc_standard_frame_tips_00630000024_1":"拍攝證件正面","zdoc_capture_00630000024_1":"請把證件置於方框內，確保清晰無反光","zdoc_confirm_00630000024_1":"請檢查是否清晰、無反光、無遮擋","zdoc_tips_00630000024_1":"拍攝證件正面","zdoc_msg_no_card_00630000024_1":"請掃描證件的人像面","zdoc_msg_wrong_card_00630000024_1":"請掃描證件的人像面","zdoc_standard_frame_tips_00630000026_1":"拍攝證件正面","zdoc_capture_00630000026_1":"請把證件置於方框內，確保清晰無反光","zdoc_confirm_00630000026_1":"請檢查是否清晰、無反光、無遮擋","zdoc_tips_00630000026_1":"拍攝證件正面","zdoc_msg_no_card_00630000026_1":"請掃描證件的人像面","zdoc_msg_wrong_card_00630000026_1":"請掃描證件的人像面","zdoc_passport_half_frame_tips_00630000028_1":"拍攝護照正面","zdoc_capture_00630000028_1":"請把證件置於方框內，確保清晰無反光","zdoc_confirm_00630000028_1":"請檢查是否清晰、無反光、無遮擋","zdoc_tips_00630000028_1":"拍攝護照正面","zdoc_msg_no_card_00630000028_1":"請掃描證件的人像面","zdoc_msg_wrong_card_00630000028_1":"請掃描證件的人像面","zdoc_passport_half_frame_tips_00630000031_1":"拍攝護照正面","zdoc_capture_00630000031_1":"請把證件置於方框內，確保清晰無反光","zdoc_confirm_00630000031_1":"請檢查是否清晰、無反光、無遮擋","zdoc_tips_00630000031_1":"拍攝護照正面","zdoc_msg_no_card_00630000031_1":"請掃描證件的人像面","zdoc_msg_wrong_card_00630000031_1":"請掃描證件的人像面","zdoc_passport_half_frame_tips_00630000031_2":"拍攝護照反面","zdoc_capture_00630000031_2":"請把證件置於方框內，確保清晰無反光","zdoc_confirm_00630000031_2":"請檢查是否清晰、無反光、無遮擋","zdoc_tips_00630000031_2":"拍攝護照反面","zdoc_msg_no_card_00630000031_2":"請掃描證件的背面","zdoc_msg_wrong_card_00630000031_2":"請掃描證件的背面","zdoc_passport_half_frame_tips_00630000032_1":"拍攝護照正面","zdoc_capture_00630000032_1":"請把證件置於方框內，確保清晰無反光","zdoc_confirm_00630000032_1":"請檢查是否清晰、無反光、無遮擋","zdoc_tips_00630000032_1":"拍攝護照正面","zdoc_msg_no_card_00630000032_1":"請掃描證件的人像面","zdoc_msg_wrong_card_00630000032_1":"請掃描證件的人像面","zdoc_passport_half_frame_tips_00630000032_2":"拍攝護照反面","zdoc_capture_00630000032_2":"請把證件置於方框內，確保清晰無反光","zdoc_confirm_00630000032_2":"請檢查是否清晰、無反光、無遮擋","zdoc_tips_00630000032_2":"拍攝護照反面","zdoc_msg_no_card_00630000032_2":"請掃描證件的背面","zdoc_msg_wrong_card_00630000032_2":"請掃描證件的背面","zdoc_standard_frame_tips_00630000033_1":"拍攝證件正面","zdoc_capture_00630000033_1":"請把證件置於方框內，確保清晰無反光","zdoc_confirm_00630000033_1":"請檢查是否清晰、無反光、無遮擋","zdoc_tips_00630000033_1":"拍攝證件正面","zdoc_msg_no_card_00630000033_1":"請掃描證件的人像面","zdoc_msg_wrong_card_00630000033_1":"請掃描證件的人像面","zdoc_standard_frame_tips_00630000033_2":"拍攝證件反面","zdoc_capture_00630000033_2":"請把證件置於方框內，確保清晰無反光","zdoc_confirm_00630000033_2":"請檢查是否清晰、無反光、無遮擋","zdoc_tips_00630000033_2":"拍攝證件反面","zdoc_msg_no_card_00630000033_2":"請掃描證件的背面","zdoc_msg_wrong_card_00630000033_2":"請掃描證件的背面"}